<?xml version="1.0" encoding="UTF-8"?>
<shiporder xmlns:xsi="http://www.w3.org/2001/XMLSchema-instance" xsi:noNamespaceSchemaLocation="ej4.xsd" orderid="12">
    <orderperson>
        <shipto>
            <name>Sergio</name>
            <addres>C/Argentina</addres>
            <city>Sevilla</city>
            <country>Guillena</country>
            <item>
                <title>Cargador para Smartphone</title>
                <note>CArgador universal</note>
                <quantity>2</quantity>
                <price>5,75€</price>
            </item>
        </shipto>
    </orderperson>
</shiporder>
