<?xml version="1.0" encoding="utf-8"?>

<!-- 
    Usando XML crea un fichero XML  (e1.xml) para representar los partidos de un torneo de tenis. Para el torneo  debemos guardar el nombre y las fechas de inicio y de finalización del torneo.
    Y para cada partido debemos guardar la fecha del partido, los datos personales de los jugadores y los resultados de todos y cada uno de los sets (al menos tres sets por partido).

    Representar al menos 10 partidos.
-->

<torneo_tenis nombre="Torneo de Roland Garros" fecha_inicio="21/09/2020" fecha_finalización="01/10/2020">

    <partidos>

        <partido fecha="21/09/2020">
            <jugadores>
                <jugador nombre="Tristan Lamasine">
                    <dni>947854369P</dni>
                    <edad>27</edad>
                    <nacionalidad>Italia</nacionalidad>
                    <sets>
                        <set>3 4 6</set>
                        <set>5 5 3</set>
                        <set>8 5 4</set>
                    </sets>
                </jugador>

                <jugador nombre="Ramkumar Ramanathan">
                    <dni>987534197L</dni>
                    <edad>25</edad>
                    <nacionalidad>India</nacionalidad>
                    <sets>
                        <set>5 8 9</set>
                        <set>2 4 1</set>
                        <set>6 0 9</set>
                    </sets>
                </jugador>
            </jugadores>
        </partido>

        <partido fecha="22/09/2020">
            <jugadores>
                <jugador nombre="Facundo Mena">
                    <dni>657423981W</dni>
                    <edad>24</edad>
                    <nacionalidad>Grecia</nacionalidad>
                    <sets>
                        <set>6 6 9</set>
                        <set>0 3 4</set>
                        <set>7 8 9</set>
                    </sets>
                </jugador>

                <jugador nombre="Thai-Son Kwiatkowski">
                    <dni>658214378Q</dni>
                    <edad>25</edad>
                    <nacionalidad>Estados Unidos</nacionalidad>
                    <sets>
                        <set>2 5 6</set>
                        <set>6 4 8</set>
                        <set>5 6 1</set>
                    </sets>
                </jugador>
            </jugadores>
        </partido>

        <partido fecha="23/09/2020">
            <jugadores>
                <jugador nombre="Hiroki Moriya">
                    <dni>987452049C</dni>
                    <edad>29</edad>
                    <nacionalidad>Japón</nacionalidad>
                    <sets>
                        <set>1 3 2</set>
                        <set>2 6 1</set>
                        <set>0 3 4</set>
                    </sets>
                </jugador>

                <jugador nombre="Daniel Altmaier">
                    <dni>982630149H</dni>
                    <edad>24</edad>
                    <nacionalidad></nacionalidad>
                    <sets>
                        <set>6 4 1</set>
                        <set>6 2 9</set>
                        <set>4 3 4</set>
                    </sets>
                </jugador>
            </jugadores>
        </partido>

        <partido fecha="24/09/2020">
            <jugadores>
                <jugador nombre="Pedro Martínez Portero">
                    <dni>894524014Ñ</dni>
                    <edad>25</edad>
                    <nacionalidad>España</nacionalidad>
                    <sets>
                        <set>6 3 4</set>
                        <set>6 5 7</set>
                        <set>7 9 8</set>
                    </sets>
                </jugador>

                <jugador nombre="Ulises Blanch">
                    <dni>421069058G</dni>
                    <edad>26</edad>
                    <nacionalidad>Estados Unidos</nacionalidad>
                    <sets>
                        <set>2 9 8</set>
                        <set>3 3 4</set>
                        <set>6 9 8</set>
                    </sets>
                </jugador>
            </jugadores>
        </partido>

        <partido fecha="25/09/2020">
            <jugadores>
                <jugador nombre="Michael Mmoh">
                    <dni>635478690J</dni>
                    <edad>28</edad>
                    <nacionalidad>Estados Unidos</nacionalidad>
                    <sets>
                        <set>4 9 7</set>
                        <set>6 6 4</set>
                        <set>6 6 6</set>
                    </sets>
                </jugador>

                <jugador nombre="Renzo Olivo">
                    <dni>987654321F</dni>
                    <edad>29</edad>
                    <nacionalidad>Grecia</nacionalidad>
                    <sets>
                        <set>6 5 4</set>
                        <set>2 1 3</set>
                        <set>3 2 4</set>
                    </sets>
                </jugador>
            </jugadores>
        </partido>

        <partido fecha="27/09/2020">
            <jugadores>
                <jugador nombre="Federico Delbonis">
                    <dni>159753259A</dni>
                    <edad>29</edad>
                    <nacionalidad>Grecia</nacionalidad>
                    <sets>
                        <set>4 6 7</set>
                        <set>6 2 6</set>
                        <set>1 2 6</set>
                    </sets>
                </jugador>

                <jugador nombre="Juan Ignacio Lóndero">
                    <dni>854965217Y</dni>
                    <edad>26</edad>
                    <nacionalidad>Grecia</nacionalidad>
                    <sets>
                        <set>6 9 8</set>
                        <set>2 1 4</set>
                        <set>1 4 5</set>
                    </sets>
                </jugador>
            </jugadores>
        </partido>

        <partido fecha="28/09/2020">
            <jugadores>
                <jugador nombre="Daniel Altmeir">
                    <dni>954236987K</dni>
                    <edad>29</edad>
                    <nacionalidad>Alemania</nacionalidad>
                    <sets>
                        <set>7 5 7</set>
                        <set>6 9 8</set>
                        <set>6 3 4</set>
                    </sets>
                </jugador>

                <jugador nombre="Feliciano López">
                    <dni>987412630T</dni>
                    <edad>39</edad>
                    <nacionalidad>España</nacionalidad>
                    <sets>
                        <set>6 5 4</set>
                        <set>4 1 3</set>
                        <set>4 7 8</set>
                    </sets>
                </jugador>
            </jugadores>
        </partido>

        <partido fecha="29/09/2020">
            <jugadores>
                <jugador nombre="Roberto Carballés">
                    <dni>879654106V</dni>
                    <edad>35</edad>
                    <nacionalidad>España</nacionalidad>
                    <sets>
                        <set>6 5 4</set>
                        <set>6 4 5</set>
                        <set>6 5 6</set>
                    </sets>
                </jugador>

                <jugador nombre="Steve Johnson">
                    <dni>987540631X</dni>
                    <edad>37</edad>
                    <nacionalidad>Estados Unidos</nacionalidad>
                    <sets>
                        <set>1 0 1</set>
                        <set>1 8 0</set>
                        <set>0 4 7</set>
                    </sets>
                </jugador>
            </jugadores>
        </partido>

        <partido fecha="30/09/2020">
            <jugadores>
                <jugador nombre="Kei Nshikori">
                    <dni>987542030L</dni>
                    <edad>32</edad>
                    <nacionalidad>Japón</nacionalidad>
                    <sets>
                        <set>4 5 4</set>
                        <set>6 9 8</set>
                        <set>2 6 4</set>
                    </sets>
                </jugador>

                <jugador nombre="Stefano Travaglia">
                    <dni>635471203Z</dni>
                    <edad>30</edad>
                    <nacionalidad>Francia</nacionalidad>
                    <sets>
                        <set>6 4 5</set>
                        <set>2 3 1</set>
                        <set>4 2 4</set>
                    </sets>
                </jugador>
            </jugadores>
        </partido>

        <partido fecha="01/10/2020">
            <jugadores>
                <jugador nombre="Guillo Pella">
                    <dni>754204639H</dni>
                    <edad>32</edad>
                    <nacionalidad>Grecia</nacionalidad>
                    <sets>
                        <set>3 9 8</set>
                        <set>2 4 5</set>
                        <set>1 7 8</set>
                    </sets>
                </jugador>

                <jugador nombre="Pablo Carreño">
                    <dni>533478964M</dni>
                    <edad>29</edad>
                    <nacionalidad>España</nacionalidad>
                    <sets>
                        <set>6 9 8</set>
                        <set>6 7 8</set>
                        <set>6 6 3</set>
                    </sets>
                </jugador>
            </jugadores>
        </partido>

    </partidos>
</torneo_tenis>

<!-- 
    Sergio Bejarano Arroyo.
-->
