<?xml version="1.0" encoding="utf-8"?>

<!-- 
    Usando XML crea un fichero (ex2.xml). El fichero nos servirá para representar un clúster de máquinas virtuales. Dicho clúster está compuesto por varios nodos de los que debemos guardar su nombre y su ip.

    Dentro de cada uno de estos nodos se pueden albergar distintas máquinas virtuales. De dichas máquinas virtuales necesito guardar el nombre, el sistema operativo que ejecuta y los distintos interfaces de red 
    de los que guardaré su ip y su mac.

    Representar al menos 5 nodos , cada uno de ellos con al menos 3 máquinas virtuales. De esas 15 máquinas virtuales al menos 3 deben de tener más de un interfaz de red.
-->

<maquinas_virtuales>

    <nodos>

        <nodo nombre="Prueba" ip="192.168.1.20">
            <maquinas>
                <maquina_virtual>
                    <nombre>Prueba 1</nombre>
                    <so>Windows XP</so>
                    <interfaces_red>
                        <ip>192.168.1.21</ip>
                        <mac>00:1B:44:11:3A:B7</mac>
                    </interfaces_red>
                </maquina_virtual>

                <maquina_virtual>
                    <nombre>Prueba 2</nombre>
                    <so>Windows Vista</so>
                    <interfaces_red>
                        <ip>192.168.1.22</ip>
                        <mac>21:1D:44:54:3C:7D</mac>
                        <ip>192.168.1.29</ip>
                        <mac>99:1D:44:54:3C:7D</mac>
                    </interfaces_red>
                </maquina_virtual>

                <maquina_virtual>
                    <nombre>Prueba 3</nombre>
                    <so>Windows 7 Ultimate</so>
                    <interfaces_red>
                        <ip>192.168.1.23</ip>
                        <mac>11:2B:55:22:4B:C8</mac>
                    </interfaces_red>
                </maquina_virtual>
            </maquinas>
        </nodo>

        <nodo nombre="Servidor SSH" ip="192.168.126.50">
            <maquinas>
                <maquina_virtual>
                    <nombre>Servidor SSH 1</nombre>
                    <so>Ubuntu Server 16.04</so>
                    <interfaces_red>
                        <ip>192.168.126.51</ip>
                        <mac>30:21:87:41:3C:D7</mac>
                    </interfaces_red>
                </maquina_virtual>

                <maquina_virtual>
                    <nombre>Servidor SSH 2</nombre>
                    <so>Windows Server 2012</so>
                    <interfaces_red>
                        <ip>192.168.126.52</ip>
                        <mac>50:1D:31:29:3A:B7</mac>
                        <ip>192.168.126.59</ip>
                        <mac>59:1D:31:29:3A:B7</mac>
                    </interfaces_red>
                </maquina_virtual>

                <maquina_virtual>
                    <nombre>Servidor SSH 3</nombre>
                    <so>Ubuntu Server 20.04</so>
                    <interfaces_red>
                        <ip>192.168.126.53</ip>
                        <mac>00:1B:45:24:36:D4</mac>
                    </interfaces_red>
                </maquina_virtual>
            </maquinas>
        </nodo>

        <nodo nombre="Tecnología" ip="192.168.100.40">
            <maquinas>
                <maquina_virtual>
                    <nombre>Tecnología 1</nombre>
                    <so>Windows 10</so>
                    <interfaces_red>
                        <ip>192.168.100.41</ip>
                        <mac>54:1B:32:11:3D:B7</mac>
                    </interfaces_red>
                </maquina_virtual>

                <maquina_virtual>
                    <nombre>Tecnología 2</nombre>
                    <so>Windows 7</so>
                    <interfaces_red>
                        <ip>192.168.100.42</ip>
                        <mac>45:1B:23:11:3A:B7</mac>
                        <ip>192.168.100.49</ip>
                        <mac>11:2B:44:25:6A:D6</mac>
                    </interfaces_red>
                </maquina_virtual>

                <maquina_virtual>
                    <nombre>Tecnologóa 2</nombre>
                    <so>Windows 8</so>
                    <interfaces_red>
                        <ip>192.168.100.43</ip>
                        <mac>00:1B:48:52:3A:B7</mac>
                    </interfaces_red>
                </maquina_virtual>
            </maquinas>
        </nodo>

        <nodo nombre="Redes Locales" ip="192.168.100.210">
            <maquinas>
                <maquina_virtual>
                    <nombre>Redes Locales 1</nombre>
                    <so>Ubuntu Desktop 20.04</so>
                    <interfaces_red>
                        <ip>192.168.100.211</ip>
                        <mac>21:1B:44:11:3A:24</mac>
                    </interfaces_red>
                </maquina_virtual>

                <maquina_virtual>
                    <nombre>Redes Locales 2</nombre>
                    <so>Ubuntu Desktop 16.04</so>
                    <interfaces_red>
                        <ip>192.168.100.212</ip>
                        <mac>00:1D:44:11:3B:D7</mac>
                        <ip>192.168.100.119</ip>
                        <mac>99:1D:44:11:3B:D7</mac>
                    </interfaces_red>
                </maquina_virtual>

                <maquina_virtual>
                    <nombre>Redes Locales 3</nombre>
                    <so>Ubuntu Desktop 18.04</so>
                    <interfaces_red>
                        <ip>192.168.100.213</ip>
                        <mac>12:1B:88:11:3A:B7</mac>
                    </interfaces_red>
                </maquina_virtual>
            </maquinas>
        </nodo>

        <nodo nombre="Realidad Aumentada" ip="192.168.108.100">
            <maquinas>
                <maquina_virtual>
                    <nombre>Realidad Aumentada 1</nombre>
                    <so>Windows 10 Pro</so>
                    <interfaces_red>
                        <ip>192.168.108.101</ip>
                        <mac>00:1B:75:32:3D:B7</mac>
                    </interfaces_red>
                </maquina_virtual>

                <maquina_virtual>
                    <nombre>Realidad Aumentada 2</nombre>
                    <so>Windows 10 Pro</so>
                    <interfaces_red>
                        <ip>192.168.108.102</ip>
                        <mac>00:1B:44:11:3A:B7</mac>
                        <ip>192.168.108.199</ip>
                        <mac>69:1B:44:11:3A:B7</mac>
                    </interfaces_red>
                </maquina_virtual>

                <maquina_virtual>
                    <nombre>Realidad Aumentada 3</nombre>
                    <so>Windows 10 Pro</so>
                    <interfaces_red>
                        <ip>192.168.108.103</ip>
                        <mac>11:2B:44:11:6A:D6</mac>
                    </interfaces_red>
                </maquina_virtual>
            </maquinas>
        </nodo>

    </nodos>

</maquinas_virtuales>

<!-- 
    Sergio Bejarano Arroyo.
-->
