<?xml version="1.0" encoding="utf-8"?>

<!-- 
    Usando XML crea un fichero (ex3.xml) El fichero nos servirá para representar el directorio de direcciones de una empresa. Para organizar dicho directorio debo guardar los distintos edificios que 
    componen una empresa. De los edificios la información que nos interesa es la dirección y el número de plantas. Dentro de cada edificio debemos guardar información de las plantas, su número 
    y el número cuadrados de cada uno de ellas.

    Una vez ya estemos dentro de las plantas debemos guardar la información  de los empleados. De ellos guardaremos su puesto, sus datos personales y la extensión telefónica de su puesto.

    El archivo contendrá al menos 3 de eficiones de al menos 3 plantas cada uno y al menos 5 empleados por planta.
-->

<empresa>
    <edificios>
        <edificio direccion="Calle Argentina, 54">
            <plantas>
                <planta numero="1" metros_cuadrados="100">
                    <empleados>
                        <empleado>
                            <nombre>Miren</nombre>
                            <extension_telefono>101</extension_telefono>
                            <puesto>1</puesto>
                        </empleado>
                        <empleado>
                            <nombre>Mª Mar</nombre>
                            <extension_telefono>102</extension_telefono>
                            <puesto>2</puesto>
                        </empleado>
                        <empleado>
                            <nombre>Natividad</nombre>
                            <extension_telefono>103</extension_telefono>
                            <puesto>3</puesto>
                        </empleado>
                        <empleado>
                            <nombre>Fernando</nombre>
                            <extension_telefono>104</extension_telefono>
                            <puesto>4</puesto>
                        </empleado>
                        <empleado>
                            <nombre>Susana</nombre>
                            <extension_telefono>105</extension_telefono>
                            <puesto>5</puesto>
                        </empleado>
                    </empleados>
                </planta>
                <planta numero="2" metros_cuadrados="105">
                    <empleados>
                        <empleado>
                            <nombre>Antonio</nombre>
                            <extension_telefono>201</extension_telefono>
                            <puesto>1</puesto>
                        </empleado>
                        <empleado>
                            <nombre>Agustín</nombre>
                            <extension_telefono>202</extension_telefono>
                            <puesto>2</puesto>
                        </empleado>
                        <empleado>
                            <nombre>Román</nombre>
                            <extension_telefono>203</extension_telefono>
                            <puesto>3</puesto>
                        </empleado>
                        <empleado>
                            <nombre>Fernando</nombre>
                            <extension_telefono>204</extension_telefono>
                            <puesto>4</puesto>
                        </empleado>
                        <empleado>
                            <nombre>Alberto</nombre>
                            <extension_telefono>205</extension_telefono>
                            <puesto>5</puesto>
                        </empleado>
                    </empleados>
                </planta>
                <planta numero="3" metros_cuadrados="110">
                    <empleados>
                        <empleado>
                            <nombre>María</nombre>
                            <extension_telefono>301</extension_telefono>
                            <puesto>1</puesto>
                        </empleado>
                        <empleado>
                            <nombre>Pascual</nombre>
                            <extension_telefono>302</extension_telefono>
                            <puesto>2</puesto>
                        </empleado>
                        <empleado>
                            <nombre>José</nombre>
                            <extension_telefono>303</extension_telefono>
                            <puesto>3</puesto>
                        </empleado>
                        <empleado>
                            <nombre>Rosario</nombre>
                            <extension_telefono>304</extension_telefono>
                            <puesto>4</puesto>
                        </empleado>
                        <empleado>
                            <nombre>Jesús</nombre>
                            <extension_telefono>305</extension_telefono>
                            <puesto>5</puesto>
                        </empleado>
                    </empleados>
                </planta>
            </plantas>
        </edificio>
        <edificio direccion="Calle Caracol, 47">
            <plantas>
                <planta numero="1" metros_cuadrados="200">
                    <empleados>
                        <empleado>
                            <nombre>Eva</nombre>
                            <extension_telefono>101</extension_telefono>
                            <puesto>1</puesto>
                        </empleado>
                        <empleado>
                            <nombre>Margarita</nombre>
                            <extension_telefono>102</extension_telefono>
                            <puesto>2</puesto>
                        </empleado>
                        <empleado>
                            <nombre>Luis</nombre>
                            <extension_telefono>103</extension_telefono>
                            <puesto>3</puesto>
                        </empleado>
                        <empleado>
                            <nombre>Francisco</nombre>
                            <extension_telefono>104</extension_telefono>
                            <puesto>4</puesto>
                        </empleado>
                        <empleado>
                            <nombre>Juan Carlos</nombre>
                            <extension_telefono>105</extension_telefono>
                            <puesto>5</puesto>
                        </empleado>
                    </empleados>
                </planta>
                <planta numero="2" metros_cuadrados="205">
                    <empleados>
                        <empleado>
                            <nombre>Fermín</nombre>
                            <extension_telefono>201</extension_telefono>
                            <puesto>1</puesto>
                        </empleado>
                        <empleado>
                            <nombre>Isolina</nombre>
                            <extension_telefono>202</extension_telefono>
                            <puesto>2</puesto>
                        </empleado>
                        <empleado>
                            <nombre>Armando</nombre>
                            <extension_telefono>203</extension_telefono>
                            <puesto>3</puesto>
                        </empleado>
                        <empleado>
                            <nombre>José Luís</nombre>
                            <extension_telefono>204</extension_telefono>
                            <puesto>4</puesto>
                        </empleado>
                        <empleado>
                            <nombre>Amparo</nombre>
                            <extension_telefono>205</extension_telefono>
                            <puesto>5</puesto>
                        </empleado>
                    </empleados>
                </planta>
                <planta numero="3" metros_cuadrados="210">
                    <empleados>
                        <empleado>
                            <nombre>Miguel</nombre>
                            <extension_telefono>301</extension_telefono>
                            <puesto>1</puesto>
                        </empleado>
                        <empleado>
                            <nombre>Ana</nombre>
                            <extension_telefono>302</extension_telefono>
                            <puesto>2</puesto>
                        </empleado>
                        <empleado>
                            <nombre>Rosa</nombre>
                            <extension_telefono>303</extension_telefono>
                            <puesto>3</puesto>
                        </empleado>
                        <empleado>
                            <nombre>Dolores</nombre>
                            <extension_telefono>304</extension_telefono>
                            <puesto>4</puesto>
                        </empleado>
                        <empleado>
                            <nombre>Ana María</nombre>
                            <extension_telefono>305</extension_telefono>
                            <puesto>5</puesto>
                        </empleado>
                    </empleados>
                </planta>
            </plantas>
        </edificio>
        <edificio direccion="Avenida Andalucía, 75">
            <plantas>
                <planta numero="1" metros_cuadrados="300">
                    <empleados>
                        <empleado>
                            <nombre>Sergio</nombre>
                            <extension_telefono>101</extension_telefono>
                            <puesto>1</puesto>
                        </empleado>
                        <empleado>
                            <nombre>José Manuel</nombre>
                            <extension_telefono>102</extension_telefono>
                            <puesto>2</puesto>
                        </empleado>
                        <empleado>
                            <nombre>Granada</nombre>
                            <extension_telefono>103</extension_telefono>
                            <puesto>3</puesto>
                        </empleado>
                        <empleado>
                            <nombre>Raul</nombre>
                            <extension_telefono>104</extension_telefono>
                            <puesto>4</puesto>
                        </empleado>
                        <empleado>
                            <nombre>Aurelio</nombre>
                            <extension_telefono>105</extension_telefono>
                            <puesto>5</puesto>
                        </empleado>
                    </empleados>
                </planta>
                <planta numero="2" metros_cuadrados="305">
                    <empleados>
                        <empleado>
                            <nombre>Rosario</nombre>
                            <extension_telefono>201</extension_telefono>
                            <puesto>1</puesto>
                        </empleado>
                        <empleado>
                            <nombre>Carla</nombre>
                            <extension_telefono>202</extension_telefono>
                            <puesto>2</puesto>
                        </empleado>
                        <empleado>
                            <nombre>Javier</nombre>
                            <extension_telefono>203</extension_telefono>
                            <puesto>3</puesto>
                        </empleado>
                        <empleado>
                            <nombre>Miguel</nombre>
                            <extension_telefono>204</extension_telefono>
                            <puesto>4</puesto>
                        </empleado>
                        <empleado>
                            <nombre>Isabel</nombre>
                            <extension_telefono>205</extension_telefono>
                            <puesto>5</puesto>
                        </empleado>
                    </empleados>
                </planta>
                <planta numero="3" metros_cuadrados="310">
                    <empleados>
                        <empleado>
                            <nombre>Anguel</nombre>
                            <extension_telefono>301</extension_telefono>
                            <puesto>1</puesto>
                        </empleado>
                        <empleado>
                            <nombre>María</nombre>
                            <extension_telefono>302</extension_telefono>
                            <puesto>2</puesto>
                        </empleado>
                        <empleado>
                            <nombre>Laura</nombre>
                            <extension_telefono>303</extension_telefono>
                            <puesto>3</puesto>
                        </empleado>
                        <empleado>
                            <nombre>Irene</nombre>
                            <extension_telefono>304</extension_telefono>
                            <puesto>4</puesto>
                        </empleado>
                        <empleado>
                            <nombre>Pedro</nombre>
                            <extension_telefono>305</extension_telefono>
                            <puesto>5</puesto>
                        </empleado>
                    </empleados>
                </planta>
            </plantas>
        </edificio>

    </edificios>
</empresa>

<!-- 
    Sergio Bejarano Arroyo.
-->
